State,State,Year,January,February,March,April,May,June,July,August,September,October,November,December,Total Crime
0,Aguascalientes,2015,931,935,1060,944,1030,921.0,959.0,1007.0,972.0,886.0,1011.0,932.0,11588.0
1,Aguascalientes,2016,936,927,1008,1070,1098,846.0,1071.0,1118.0,1003.0,1146.0,1088.0,1123.0,12434.0
2,Aguascalientes,2017,1230,1013,1167,1072,1262,1391.0,1401.0,1539.0,1614.0,1640.0,1604.0,1499.0,16432.0
3,Aguascalientes,2018,1499,1371,1563,1605,1567,1499.0,1675.0,1564.0,1401.0,1460.0,1250.0,1390.0,17844.0
4,Aguascalientes,2019,1441,1250,1340,1362,1416,1265.0,1300.0,1392.0,1296.0,1237.0,1147.0,1145.0,15591.0
5,Aguascalientes,2020,1440,1363,1400,844,963,1084.0,1072.0,943.0,913.0,1009.0,880.0,942.0,12853.0
6,Aguascalientes,2021,1048,1082,1104,890,987,874.0,941.0,936.0,947.0,898.0,953.0,867.0,11527.0
8,Baja California,2015,4305,3731,4118,3930,4064,4220.0,4183.0,4393.0,4253.0,4418.0,4359.0,4315.0,50289.0
9,Baja California,2016,4420,3997,4159,4182,4213,3743.0,3927.0,4405.0,4443.0,4796.0,4580.0,5298.0,52163.0
10,Baja California,2017,5298,4858,5401,5146,5280,4686.0,4971.0,5033.0,4922.0,4771.0,4677.0,4728.0,59771.0
11,Baja California,2018,5066,4304,4671,4701,4600,4176.0,3962.0,4148.0,3945.0,4151.0,4034.0,4121.0,51879.0
12,Baja California,2019,4521,3813,4043,4325,4449,4212.0,4258.0,4354.0,3775.0,4440.0,4262.0,4328.0,50780.0
13,Baja California,2020,4252,3865,4157,2894,2963,3051.0,3401.0,3261.0,3108.0,3229.0,3279.0,3656.0,41116.0
14,Baja California,2021,3764,3522,3595,3473,3291,3318.0,3530.0,3441.0,3346.0,3571.0,3664.0,3777.0,42292.0
16,Baja California Sur,2015,806,787,824,826,808,757.0,739.0,795.0,943.0,887.0,907.0,888.0,9967.0
17,Baja California Sur,2016,956,941,883,873,909,998.0,1027.0,1212.0,1070.0,1057.0,1129.0,1183.0,12238.0
18,Baja California Sur,2017,1175,999,1004,930,1078,1141.0,1007.0,1041.0,986.0,1108.0,940.0,955.0,12364.0
19,Baja California Sur,2018,1008,904,880,893,979,1004.0,910.0,956.0,963.0,1052.0,907.0,977.0,11433.0
20,Baja California Sur,2019,917,799,868,807,754,732.0,773.0,852.0,772.0,798.0,724.0,666.0,9462.0
21,Baja California Sur,2020,730,632,640,396,377,511.0,556.0,424.0,532.0,559.0,495.0,486.0,6338.0
22,Baja California Sur,2021,423,472,510,466,426,447.0,429.0,515.0,457.0,504.0,531.0,547.0,5727.0
24,Campeche,2015,61,77,108,57,96,91.0,72.0,94.0,94.0,114.0,94.0,116.0,1074.0
25,Campeche,2016,104,105,115,112,103,104.0,137.0,114.0,120.0,122.0,111.0,101.0,1348.0
26,Campeche,2017,112,116,92,101,101,107.0,98.0,99.0,92.0,89.0,95.0,103.0,1205.0
27,Campeche,2018,97,103,100,110,91,92.0,100.0,116.0,97.0,108.0,126.0,112.0,1252.0
28,Campeche,2019,107,104,103,96,108,107.0,117.0,128.0,112.0,127.0,119.0,113.0,1341.0
29,Campeche,2020,118,102,107,83,90,81.0,83.0,96.0,94.0,104.0,113.0,102.0,1173.0
30,Campeche,2021,104,103,113,107,116,111.0,113.0,125.0,93.0,110.0,501.0,487.0,2083.0
32,Chiapas,2015,781,861,916,896,867,831.0,815.0,881.0,946.0,936.0,902.0,801.0,10433.0
33,Chiapas,2016,794,770,859,848,896,940.0,983.0,1096.0,1027.0,1020.0,930.0,928.0,11091.0
34,Chiapas,2017,1093,900,902,878,934,963.0,1010.0,1152.0,922.0,951.0,886.0,827.0,11418.0
35,Chiapas,2018,828,810,936,1015,1086,1016.0,1054.0,1096.0,999.0,1140.0,930.0,822.0,11732.0
36,Chiapas,2019,953,852,701,755,715,769.0,791.0,745.0,602.0,616.0,555.0,553.0,8607.0
37,Chiapas,2020,624,525,541,390,380,371.0,532.0,496.0,496.0,483.0,439.0,407.0,5684.0
38,Chiapas,2021,427,404,460,441,487,458.0,472.0,436.0,455.0,588.0,517.0,406.0,5551.0
40,Chihuahua,2015,1687,1753,1900,1680,1647,1679.0,1738.0,1709.0,1713.0,1812.0,1548.0,1640.0,20506.0
41,Chihuahua,2016,1827,1725,1746,1620,1654,1334.0,1299.0,1488.0,1453.0,1870.0,1903.0,1926.0,19845.0
42,Chihuahua,2017,2236,2298,2533,2213,2110,2193.0,2273.0,2478.0,2183.0,2332.0,2213.0,2262.0,27324.0
43,Chihuahua,2018,2393,2424,2346,2260,2249,2074.0,2043.0,2202.0,2101.0,2115.0,1902.0,2037.0,26146.0
44,Chihuahua,2019,2240,2153,2094,2064,2386,2149.0,2390.0,2364.0,2312.0,2327.0,1894.0,1898.0,26271.0
45,Chihuahua,2020,2072,1897,1993,1895,1849,1973.0,2107.0,2122.0,1898.0,1937.0,1788.0,1979.0,23510.0
46,Chihuahua,2021,2017,1852,2059,1771,1820,1684.0,1829.0,1818.0,1700.0,1926.0,1679.0,1809.0,21964.0
48,Ciudad de México,2015,6371,6444,7072,6730,6937,6950.0,7016.0,6686.0,6730.0,7045.0,6643.0,6612.0,81236.0
49,Ciudad de México,2016,6179,6270,6830,6785,6691,6627.0,6930.0,7562.0,7654.0,8186.0,7919.0,7575.0,85208.0
50,Ciudad de México,2017,8335,7732,8375,7765,9034,9319.0,9294.0,9778.0,8789.0,10038.0,9628.0,9598.0,107685.0
51,Ciudad de México,2018,10163,9656,10457,10419,11107,10427.0,11284.0,11836.0,11040.0,12897.0,11846.0,11151.0,132283.0
52,Ciudad de México,2019,11612,10537,10680,9846,10179,9820.0,9792.0,9848.0,9236.0,9576.0,8935.0,8500.0,118561.0
53,Ciudad de México,2020,8926,8907,8820,5213,5214,5897.0,6952.0,7158.0,6932.0,7507.0,7303.0,6710.0,85539.0
54,Ciudad de México,2021,6546,6474,7558,7177,7555,7507.0,7501.0,7541.0,7072.0,7445.0,7375.0,6830.0,86581.0
56,Coahuila de Zaragoza,2015,1764,1383,1255,1615,1340,1383.0,1528.0,1241.0,1244.0,1363.0,975.0,976.0,16067.0
57,Coahuila de Zaragoza,2016,1083,992,1137,911,930,1348.0,1000.0,1052.0,1326.0,1212.0,1022.0,1623.0,13636.0
58,Coahuila de Zaragoza,2017,1193,1165,1588,979,925,1310.0,1178.0,1304.0,1128.0,1175.0,1322.0,937.0,14204.0
59,Coahuila de Zaragoza,2018,1287,1137,1573,1238,1689,1226.0,1185.0,1747.0,1310.0,1139.0,1350.0,998.0,15879.0
60,Coahuila de Zaragoza,2019,1220,1544,1445,1198,1459,1196.0,1233.0,1406.0,1203.0,1525.0,1199.0,1132.0,15760.0
61,Coahuila de Zaragoza,2020,1669,1479,1449,1218,1229,1515.0,1620.0,1472.0,1384.0,1321.0,1229.0,1279.0,16864.0
62,Coahuila de Zaragoza,2021,1507,1254,1371,1524,1319,1383.0,1768.0,1443.0,1806.0,1487.0,1287.0,1111.0,17260.0
64,Colima,2015,258,269,277,264,266,275.0,309.0,357.0,331.0,339.0,398.0,377.0,3720.0
65,Colima,2016,437,421,515,635,883,715.0,758.0,864.0,744.0,756.0,767.0,772.0,8267.0
66,Colima,2017,944,731,896,812,795,830.0,879.0,837.0,837.0,929.0,832.0,762.0,10084.0
67,Colima,2018,773,767,768,740,800,855.0,937.0,936.0,848.0,948.0,888.0,849.0,10109.0
68,Colima,2019,984,796,848,849,825,813.0,898.0,865.0,774.0,884.0,789.0,793.0,10118.0
69,Colima,2020,815,757,706,568,572,597.0,667.0,620.0,761.0,849.0,740.0,726.0,8378.0
70,Colima,2021,748,668,767,759,775,732.0,839.0,780.0,981.0,1055.0,1149.0,935.0,10188.0
72,Durango,2015,924,935,884,976,941,1013.0,957.0,932.0,956.0,969.0,906.0,846.0,11239.0
73,Durango,2016,745,880,912,908,886,900.0,876.0,1019.0,984.0,983.0,967.0,909.0,10969.0
74,Durango,2017,1052,989,1082,1026,1059,997.0,1046.0,1010.0,1024.0,1057.0,1123.0,1009.0,12474.0
75,Durango,2018,1146,1028,1095,992,1147,1049.0,1002.0,846.0,928.0,1090.0,1012.0,861.0,12196.0
76,Durango,2019,915,921,1074,996,1002,918.0,1002.0,1003.0,966.0,779.0,901.0,956.0,11433.0
77,Durango,2020,1032,1005,926,656,739,742.0,882.0,863.0,899.0,956.0,590.0,584.0,9874.0
78,Durango,2021,762,778,942,929,758,989.0,874.0,657.0,625.0,665.0,652.0,544.0,9175.0
80,Guanajuato,2015,3309,2982,3174,2648,3008,3000.0,3079.0,3099.0,3025.0,3327.0,3177.0,3301.0,37129.0
81,Guanajuato,2016,3447,3473,3531,3374,3445,3210.0,3197.0,3327.0,3356.0,3620.0,3515.0,3836.0,41331.0
82,Guanajuato,2017,4148,4022,4246,3887,3986,3841.0,4162.0,4362.0,4122.0,4397.0,4152.0,4425.0,49750.0
83,Guanajuato,2018,4810,4324,4635,4504,4565,4272.0,4954.0,4862.0,4606.0,4751.0,4828.0,4925.0,56036.0
84,Guanajuato,2019,4686,4449,4470,4489,4702,4463.0,4951.0,4983.0,4762.0,4955.0,4901.0,4883.0,56694.0
85,Guanajuato,2020,5405,4825,4907,3778,4018,4202.0,4354.0,4475.0,4576.0,4650.0,4375.0,4736.0,54301.0
86,Guanajuato,2021,4560,4432,5092,4900,4705,5003.0,4364.0,5411.0,5250.0,4734.0,5019.0,5291.0,58761.0
88,Guerrero,2015,1508,1290,1266,1403,1358,1340.0,1303.0,1321.0,1106.0,1382.0,1261.0,1357.0,15895.0
89,Guerrero,2016,1319,1145,1306,1191,1168,1155.0,1291.0,1346.0,1325.0,1247.0,1331.0,1320.0,15144.0
90,Guerrero,2017,1270,1147,1409,1210,1263,1103.0,1115.0,1069.0,1079.0,1093.0,1049.0,972.0,13779.0
91,Guerrero,2018,1025,874,944,935,985,981.0,998.0,986.0,1077.0,1032.0,914.0,888.0,11639.0
92,Guerrero,2019,907,834,940,828,919,814.0,963.0,982.0,785.0,848.0,911.0,809.0,10540.0
93,Guerrero,2020,880,812,744,580,530,532.0,656.0,691.0,664.0,788.0,790.0,748.0,8415.0
94,Guerrero,2021,685,687,782,702,813,746.0,718.0,755.0,761.0,811.0,804.0,780.0,9044.0
96,Hidalgo,2015,1004,1024,808,834,968,811.0,789.0,970.0,1117.0,537.0,806.0,1021.0,10689.0
97,Hidalgo,2016,840,988,1019,1091,885,1164.0,633.0,771.0,1181.0,1339.0,1332.0,1094.0,12337.0
98,Hidalgo,2017,1267,1316,1217,1258,1436,1287.0,1240.0,1454.0,1338.0,1264.0,1263.0,1170.0,15510.0
99,Hidalgo,2018,1538,1196,1140,1394,1343,1226.0,1279.0,1332.0,1261.0,1361.0,1516.0,1221.0,15807.0
100,Hidalgo,2019,1678,1555,1399,1376,1409,1180.0,1243.0,1111.0,1314.0,1437.0,1286.0,1193.0,16181.0
101,Hidalgo,2020,1449,1332,1347,904,797,777.0,880.0,1006.0,1040.0,1176.0,1075.0,862.0,12645.0
102,Hidalgo,2021,778,793,1145,915,980,1435.0,975.0,1055.0,999.0,1093.0,1237.0,821.0,12226.0
104,Jalisco,2015,2906,2779,2951,2785,2834,2971.0,3093.0,2924.0,2867.0,3167.0,2845.0,3011.0,35133.0
105,Jalisco,2016,2718,2746,2936,2637,2578,6553.0,7052.0,7211.0,6246.0,7450.0,7414.0,8226.0,63767.0
106,Jalisco,2017,8226,7019,8048,7111,7717,7876.0,7737.0,7998.0,7691.0,8253.0,7902.0,7574.0,93152.0
107,Jalisco,2018,8246,7768,7908,7094,7513,7641.0,7722.0,7636.0,6934.0,7834.0,7381.0,7301.0,90978.0
108,Jalisco,2019,9060,7462,7049,7233,6395,6550.0,7134.0,7036.0,6039.0,6686.0,5479.0,5371.0,81494.0
109,Jalisco,2020,6059,5206,5104,3956,4169,4571.0,5000.0,4808.0,4676.0,4956.0,4437.0,4949.0,57891.0
110,Jalisco,2021,4591,4216,4803,4501,4497,4906.0,4954.0,4865.0,4754.0,4894.0,4819.0,4735.0,56535.0
112,Michoacán de Ocampo,2015,1690,1537,1555,1435,1547,1582.0,1615.0,1601.0,1696.0,1527.0,1688.0,1779.0,19252.0
113,Michoacán de Ocampo,2016,1509,1442,1484,1372,1506,1771.0,1813.0,1774.0,1735.0,1787.0,1812.0,1808.0,19813.0
114,Michoacán de Ocampo,2017,1850,1692,1743,1744,1869,1845.0,1937.0,2032.0,1872.0,2049.0,2000.0,1941.0,22574.0
115,Michoacán de Ocampo,2018,1851,1849,2023,1908,2002,1835.0,2049.0,1994.0,1782.0,2092.0,1906.0,1873.0,23164.0
116,Michoacán de Ocampo,2019,2091,1720,1802,1814,1878,1803.0,1753.0,1868.0,1894.0,2041.0,1820.0,1817.0,22301.0
117,Michoacán de Ocampo,2020,1899,1753,1847,1254,1417,1422.0,1558.0,1556.0,1461.0,1665.0,1530.0,1586.0,18948.0
118,Michoacán de Ocampo,2021,1642,1355,1636,1525,1486,1457.0,1525.0,1579.0,1660.0,1655.0,1585.0,1649.0,18754.0
120,Morelos,2015,1775,1931,2040,1683,1630,1812.0,1831.0,1906.0,1942.0,2013.0,1898.0,1892.0,22353.0
121,Morelos,2016,1736,1798,1878,1772,1881,1838.0,1816.0,1807.0,1695.0,1759.0,1685.0,1760.0,21425.0
122,Morelos,2017,1664,1634,1694,1583,1608,1797.0,1500.0,1655.0,1576.0,1596.0,1665.0,1403.0,19375.0
123,Morelos,2018,1549,1532,1519,1703,1694,1574.0,1607.0,1594.0,1631.0,1687.0,1596.0,1431.0,19117.0
124,Morelos,2019,1552,1375,1631,1503,1521,1457.0,1546.0,1465.0,1603.0,1763.0,1771.0,1426.0,18613.0
125,Morelos,2020,1596,1520,1644,1183,1220,1353.0,1484.0,1475.0,1375.0,1403.0,1486.0,1470.0,17209.0
126,Morelos,2021,1228,1306,1541,1476,1490,1488.0,1409.0,1447.0,1353.0,1450.0,1422.0,1481.0,17091.0
128,México,2015,15219,14126,15290,14269,14343,14482.0,14387.0,14206.0,14647.0,14929.0,14505.0,14048.0,174451.0
129,México,2016,12522,14334,15832,15107,15100,11692.0,10627.0,11653.0,12049.0,12168.0,11758.0,11732.0,154574.0
130,México,2017,12359,10840,12583,11811,13598,13914.0,14749.0,15731.0,14775.0,16545.0,15529.0,14607.0,167041.0
131,México,2018,14911,14093,14868,14800,15025,14367.0,14262.0,15194.0,14033.0,15229.0,14225.0,13628.0,174635.0
132,México,2019,13573,12895,14895,13309,14969,13901.0,14496.0,14628.0,13568.0,14408.0,13830.0,12926.0,167398.0
133,México,2020,13639,12919,12676,11206,10915,11526.0,12282.0,12524.0,12544.0,13183.0,12058.0,11452.0,146924.0
134,México,2021,10966,11392,12893,12133,12725,12726.0,12753.0,12805.0,12814.0,13405.0,12406.0,12553.0,149571.0
136,Nayarit,2015,188,200,218,186,190,211.0,174.0,188.0,173.0,151.0,151.0,136.0,2166.0
137,Nayarit,2016,76,100,101,92,81,79.0,84.0,89.0,108.0,96.0,102.0,67.0,1075.0
138,Nayarit,2017,159,90,83,56,78,79.0,89.0,109.0,98.0,84.0,117.0,103.0,1145.0
139,Nayarit,2018,166,157,181,194,175,160.0,180.0,184.0,178.0,131.0,140.0,117.0,1963.0
140,Nayarit,2019,148,97,126,108,144,131.0,120.0,101.0,92.0,91.0,100.0,91.0,1349.0
141,Nayarit,2020,122,111,123,70,97,83.0,106.0,102.0,95.0,97.0,112.0,75.0,1193.0
142,Nayarit,2021,114,111,113,103,87,118.0,131.0,164.0,111.0,133.0,140.0,103.0,1428.0
144,Nuevo León,2015,1526,1542,1595,1342,1377,1392.0,1453.0,1553.0,1451.0,1615.0,1533.0,1522.0,17901.0
145,Nuevo León,2016,1444,1729,1800,1943,1951,2137.0,2108.0,2287.0,1926.0,1745.0,1625.0,1740.0,22435.0
146,Nuevo León,2017,1988,1664,1995,1687,1779,1734.0,1735.0,1927.0,1688.0,1887.0,1711.0,1493.0,21288.0
147,Nuevo León,2018,1640,1607,1716,1667,1806,1590.0,1795.0,1737.0,1646.0,1738.0,1730.0,1516.0,20188.0
148,Nuevo León,2019,1687,1539,1619,1539,1552,1638.0,1649.0,1605.0,1602.0,1819.0,1622.0,1838.0,19709.0
149,Nuevo León,2020,1920,2018,1979,1724,1639,1676.0,1535.0,1720.0,1853.0,1863.0,1895.0,1890.0,21712.0
150,Nuevo León,2021,1732,1507,1799,1709,1652,1522.0,1691.0,1920.0,1627.0,1762.0,2064.0,1910.0,20895.0
152,Oaxaca,2015,0,581,0,0,621,0.0,0.0,502.0,0.0,0.0,535.0,0.0,2239.0
153,Oaxaca,2016,1049,1038,1108,1030,1045,1013.0,1114.0,1122.0,1096.0,0.0,1129.0,1121.0,11865.0
154,Oaxaca,2017,1123,655,1038,1196,1003,1140.0,1071.0,1225.0,1022.0,1251.0,1095.0,1107.0,12926.0
155,Oaxaca,2018,1264,1227,1301,1137,1151,1091.0,1097.0,1326.0,1263.0,1301.0,1340.0,1271.0,14769.0
156,Oaxaca,2019,1333,1232,1231,1234,1322,1277.0,1320.0,1392.0,1286.0,1393.0,1311.0,1205.0,15536.0
157,Oaxaca,2020,1248,1278,1235,910,894,859.0,985.0,990.0,969.0,979.0,969.0,1077.0,12393.0
158,Oaxaca,2021,1006,944,1046,927,915,1026.0,1089.0,1114.0,1123.0,1182.0,1163.0,1256.0,12791.0
160,Puebla,2015,2029,1935,2103,2452,2623,2537.0,2336.0,2283.0,2538.0,2670.0,2062.0,2243.0,27811.0
161,Puebla,2016,2013,2156,2157,2167,2360,1851.0,1709.0,1780.0,1893.0,2069.0,1793.0,1621.0,23569.0
162,Puebla,2017,2263,2210,2654,2581,2791,2782.0,2747.0,2714.0,2796.0,2925.0,2969.0,2699.0,32131.0
163,Puebla,2018,2982,2673,2971,2995,2854,2831.0,3011.0,2955.0,2811.0,3210.0,2867.0,2767.0,34927.0
164,Puebla,2019,2855,2907,3514,3539,3601,3166.0,3637.0,3366.0,2936.0,3161.0,2848.0,2766.0,38296.0
165,Puebla,2020,2568,2370,2513,2127,2105,2103.0,2344.0,2245.0,2358.0,2543.0,2404.0,2579.0,28259.0
166,Puebla,2021,2357,2405,2645,2533,2505,2779.0,2942.0,2598.0,2591.0,2709.0,2636.0,2885.0,31585.0
168,Querétaro,2015,1510,1337,1538,1478,1536,1507.0,1482.0,1594.0,1657.0,1668.0,1539.0,1483.0,18329.0
169,Querétaro,2016,1564,1442,1654,1629,1672,1985.0,2162.0,2338.0,2186.0,2441.0,2155.0,2161.0,23389.0
170,Querétaro,2017,2136,2089,2386,2086,2282,2474.0,2392.0,2519.0,2470.0,2557.0,2571.0,2500.0,28462.0
171,Querétaro,2018,2518,2225,2436,2407,2560,2441.0,2549.0,2657.0,2425.0,2592.0,2314.0,2467.0,29591.0
172,Querétaro,2019,2536,2424,2468,2494,2479,2364.0,2496.0,2443.0,2236.0,2495.0,2362.0,2368.0,29165.0
173,Querétaro,2020,2366,2217,2252,1767,1728,1724.0,2045.0,2121.0,2108.0,2215.0,2061.0,2006.0,24610.0
174,Querétaro,2021,1878,1768,2042,1901,2005,1868.0,1989.0,1991.0,1943.0,2109.0,2164.0,2167.0,23825.0
176,Quintana Roo,2015,1109,950,1271,1192,1235,1113.0,1294.0,1184.0,1196.0,1135.0,1141.0,1081.0,13901.0
177,Quintana Roo,2016,678,579,460,490,587,574.0,573.0,564.0,603.0,850.0,1016.0,1037.0,8011.0
178,Quintana Roo,2017,902,785,1172,890,982,879.0,971.0,1001.0,893.0,1522.0,1158.0,1213.0,12368.0
179,Quintana Roo,2018,1145,1138,1251,1303,1343,1147.0,1305.0,1506.0,1259.0,1321.0,1436.0,1740.0,15894.0
180,Quintana Roo,2019,1820,1581,1761,1716,2193,2002.0,2133.0,2073.0,1922.0,2053.0,2015.0,1609.0,22878.0
181,Quintana Roo,2020,2153,1808,1878,1051,1037,1403.0,1545.0,1427.0,1462.0,1398.0,1481.0,1467.0,18110.0
182,Quintana Roo,2021,1377,1273,1595,1548,1616,1599.0,1538.0,1571.0,1663.0,1689.0,1566.0,1554.0,18589.0
184,San Luis Potosí,2015,549,525,638,580,587,587.0,612.0,508.0,495.0,505.0,559.0,584.0,6729.0
185,San Luis Potosí,2016,468,609,429,459,481,469.0,450.0,1238.0,1295.0,1111.0,914.0,899.0,8822.0
186,San Luis Potosí,2017,956,875,1103,1284,1055,1208.0,1149.0,1080.0,1032.0,1197.0,1065.0,1006.0,13010.0
187,San Luis Potosí,2018,1129,1164,1220,1193,1180,1253.0,1180.0,1426.0,1463.0,1540.0,1412.0,1375.0,15535.0
188,San Luis Potosí,2019,1458,1349,1449,1459,1531,1560.0,1630.0,1688.0,1472.0,1579.0,1552.0,1545.0,18272.0
189,San Luis Potosí,2020,1654,1479,1344,989,1053,1159.0,1322.0,1203.0,1268.0,1336.0,1223.0,1235.0,15265.0
190,San Luis Potosí,2021,1238,1010,1273,1165,1264,1296.0,1301.0,1343.0,1501.0,1586.0,1546.0,1596.0,16119.0
192,Sinaloa,2015,1219,1169,1213,1214,1139,925.0,1026.0,1059.0,956.0,1032.0,915.0,731.0,12598.0
193,Sinaloa,2016,975,937,955,894,777,799.0,750.0,853.0,830.0,993.0,926.0,959.0,10648.0
194,Sinaloa,2017,1013,1016,1159,1080,1206,1124.0,1030.0,1097.0,1025.0,1041.0,986.0,869.0,12646.0
195,Sinaloa,2018,1018,828,927,950,934,903.0,859.0,939.0,854.0,1054.0,920.0,895.0,11081.0
196,Sinaloa,2019,836,761,815,766,851,792.0,770.0,705.0,716.0,788.0,741.0,687.0,9228.0
197,Sinaloa,2020,731,702,697,482,586,668.0,635.0,778.0,799.0,854.0,737.0,642.0,8311.0
198,Sinaloa,2021,731,746,791,754,786,746.0,664.0,663.0,810.0,802.0,815.0,666.0,8974.0
200,Sonora,2015,1044,1160,1254,1136,1141,1171.0,1039.0,913.0,1097.0,1256.0,1139.0,1245.0,13595.0
201,Sonora,2016,1519,1814,1780,2016,2133,2625.0,2678.0,957.0,1014.0,908.0,802.0,828.0,19074.0
202,Sonora,2017,1072,927,1504,1034,1224,1134.0,929.0,1252.0,959.0,1114.0,851.0,578.0,12578.0
203,Sonora,2018,797,770,740,763,837,756.0,688.0,736.0,670.0,1027.0,783.0,770.0,9337.0
204,Sonora,2019,698,625,724,761,849,696.0,786.0,841.0,1034.0,1063.0,1179.0,1094.0,10350.0
205,Sonora,2020,1377,1144,1188,1114,1105,1079.0,1320.0,1085.0,1183.0,1128.0,1104.0,965.0,13792.0
206,Sonora,2021,1026,1180,1296,1140,1130,1039.0,1099.0,1100.0,1325.0,1295.0,1264.0,1107.0,14001.0
208,Tabasco,2015,1512,1381,1542,1636,1654,1614.0,1688.0,1578.0,1631.0,1519.0,1656.0,1615.0,19026.0
209,Tabasco,2016,1537,1497,1751,1734,1859,1973.0,2230.0,2215.0,2356.0,2525.0,2367.0,2122.0,24166.0
210,Tabasco,2017,2101,1993,2221,2232,2539,2495.0,2345.0,2391.0,2097.0,2293.0,2152.0,1874.0,26733.0
211,Tabasco,2018,2265,2193,2122,2264,2318,2188.0,2269.0,2321.0,2110.0,2343.0,2235.0,1997.0,26625.0
212,Tabasco,2019,2047,1827,1968,1779,1954,1847.0,2011.0,1715.0,1606.0,1743.0,1607.0,1454.0,21558.0
213,Tabasco,2020,1688,1447,1368,700,643,977.0,1137.0,1215.0,1174.0,1263.0,1178.0,1226.0,14016.0
214,Tabasco,2021,1023,1024,1132,925,1059,1169.0,1205.0,1032.0,1126.0,1157.0,1046.0,1034.0,12932.0
216,Tamaulipas,2015,1811,1930,1992,1904,1767,1933.0,1739.0,1729.0,1939.0,1919.0,1618.0,1633.0,21914.0
217,Tamaulipas,2016,1485,1453,1435,1506,1533,1399.0,1320.0,1435.0,1459.0,1577.0,1544.0,1647.0,17793.0
218,Tamaulipas,2017,1535,1384,1466,1401,1600,1591.0,1442.0,1493.0,1604.0,1894.0,1648.0,1410.0,18468.0
219,Tamaulipas,2018,1382,1379,1417,1307,1408,1323.0,1343.0,1513.0,1315.0,1413.0,1183.0,1230.0,16213.0
220,Tamaulipas,2019,1301,1218,1370,1232,1313,1206.0,1255.0,1267.0,1293.0,1285.0,1074.0,1030.0,14844.0
221,Tamaulipas,2020,1115,1060,971,650,701,860.0,748.0,818.0,829.0,955.0,786.0,763.0,10256.0
222,Tamaulipas,2021,804,693,885,878,904,885.0,813.0,895.0,868.0,939.0,889.0,895.0,10348.0
224,Tlaxcala,2015,432,365,441,396,391,443.0,456.0,479.0,409.0,445.0,413.0,474.0,5144.0
225,Tlaxcala,2016,441,417,434,450,429,410.0,416.0,421.0,405.0,438.0,423.0,436.0,5120.0
226,Tlaxcala,2017,492,477,568,435,481,460.0,484.0,490.0,467.0,494.0,435.0,460.0,5743.0
227,Tlaxcala,2018,437,405,414,357,372,346.0,359.0,368.0,352.0,433.0,364.0,371.0,4578.0
228,Tlaxcala,2019,326,256,295,323,254,253.0,235.0,244.0,255.0,256.0,240.0,245.0,3182.0
229,Tlaxcala,2020,228,230,221,207,235,238.0,277.0,291.0,272.0,246.0,274.0,279.0,2998.0
230,Tlaxcala,2021,244,232,294,238,280,282.0,342.0,300.0,308.0,299.0,247.0,294.0,3360.0
232,Veracruz de Ignacio de la Llave,2015,1454,1589,1909,1693,1617,1701.0,1555.0,1675.0,1864.0,1732.0,1481.0,882.0,19152.0
233,Veracruz de Ignacio de la Llave,2016,1186,1271,1549,1492,1511,1403.0,1564.0,1675.0,1815.0,1852.0,2102.0,1682.0,19102.0
234,Veracruz de Ignacio de la Llave,2017,3031,2470,2805,2512,2772,2731.0,2516.0,2839.0,2710.0,2857.0,2435.0,2349.0,32027.0
235,Veracruz de Ignacio de la Llave,2018,2349,2346,2608,2639,2304,2205.0,2144.0,2188.0,2141.0,2090.0,2079.0,2045.0,27138.0
236,Veracruz de Ignacio de la Llave,2019,2479,2851,3120,2917,2948,2680.0,2874.0,2621.0,2705.0,3072.0,2939.0,2661.0,33867.0
237,Veracruz de Ignacio de la Llave,2020,2505,2486,2515,1762,1622,2152.0,2062.0,2079.0,2197.0,2356.0,2239.0,2112.0,26087.0
238,Veracruz de Ignacio de la Llave,2021,2284,2119,2394,2273,2269,2253.0,2189.0,2102.0,2191.0,2166.0,2078.0,2215.0,26533.0
240,Yucatán,2015,359,268,286,331,283,285.0,348.0,422.0,341.0,334.0,369.0,350.0,3976.0
241,Yucatán,2016,312,264,250,253,205,226.0,283.0,266.0,227.0,281.0,301.0,234.0,3102.0
242,Yucatán,2017,324,253,282,230,204,207.0,238.0,197.0,205.0,200.0,178.0,188.0,2706.0
243,Yucatán,2018,172,174,228,202,216,215.0,222.0,240.0,204.0,239.0,318.0,261.0,2691.0
244,Yucatán,2019,221,197,303,325,351,326.0,352.0,236.0,218.0,191.0,231.0,202.0,3153.0
245,Yucatán,2020,165,119,88,50,44,84.0,42.0,54.0,59.0,68.0,58.0,71.0,902.0
246,Yucatán,2021,64,60,53,62,57,56.0,91.0,66.0,66.0,75.0,81.0,79.0,810.0
248,Zacatecas,2015,670,703,722,605,656,695.0,676.0,666.0,657.0,690.0,645.0,560.0,7945.0
249,Zacatecas,2016,643,666,607,676,698,617.0,570.0,683.0,684.0,669.0,665.0,712.0,7890.0
250,Zacatecas,2017,650,607,722,680,731,705.0,717.0,836.0,785.0,772.0,687.0,633.0,8525.0
251,Zacatecas,2018,785,820,811,820,763,695.0,767.0,818.0,666.0,753.0,684.0,686.0,9068.0
252,Zacatecas,2019,743,706,695,706,724,691.0,752.0,688.0,759.0,782.0,757.0,757.0,8760.0
253,Zacatecas,2020,821,702,719,483,532,613.0,634.0,620.0,624.0,612.0,581.0,570.0,7511.0
254,Zacatecas,2021,687,621,720,676,676,685.0,656.0,730.0,720.0,725.0,824.0,687.0,8407.0
